<?xml version="1.0" encoding="UTF-8" standalone="yes"?>
<manifest>
  <control namespace="PicklistProgressbarPCF" constructor="PicklistProgressbarPCF" version="0.0.7" display-name-key="PicklistProgressbarPCF" description-key="PicklistProgressbarPCF description" control-type="standard" api-version="1.3.4">
    <external-service-usage enabled="false"/>
    <property name="picklist_input_property" display-name-key="Property_Display_Key" description-key="Property_Desc_Key" of-type="OptionSet" usage="bound" required="true"/>
    <resources>
      <code path="bundle.js" order="1"/>
    </resources>
    <feature-usage>
      <uses-feature name="Utility" required="true"/>
      <uses-feature name="WebAPI" required="true"/>
    </feature-usage>
    <built-by name="pac" version="1.17.5"/>
  </control>
</manifest>